품번,품명,재질,사이즈,현재단가,기존도수(자동파싱),입력도수
B0001,홈플 오븐에 구운 고구마말랭이 130g 파우치,PET양면12 / DR /  NY양면15 / DR / CPR3 70,150*200+밑지70,116,,
B0006,홈플러스 아침한끼 퀵오트밀 1.5kg 파우치,양면PET16/AL6/LLDPE120/지퍼스탠드,275*350+밑지90,250,,
B0007,홈플 아침한끼 퀵오트밀 50g 롤파우치,은박(유무광)120=7도,240*500M=자동롤-이지컷,38.5,7도,
B0008,아로니아분말 200g 파우치,양면PET16/AL6/LLDPE115/지퍼스탠드,165*235+밑지60,130,,
B0009,건조맥주효모 500g 파우치,PET12 / LLDPE130,180*260+밑지60,120,,
B0012,새싹보리분말 250g 파우치,양면PET16/AL6/LLDPE115/지퍼스탠드,180*260+밑지60,135,,
B0013,농축유청분말 350g 파우치,양면PET16/AL6/LLDPE115/지퍼스탠드,200*270+밑지60,153,,
B0014,보스웰리아추출분말 200g 파우치,양면PET16/AL6/LLDPE115/지퍼스탠드,180*260+밑지60,138,,
B0033,촉촉한 군고구마말랭이 60g 파우치,양면PET16/NY15/CPR80/삼방,130*175+밑지35,70,,
B0035,무농약 고구마로 만든 군고구마말랭이 80g 파우치,PET양면12 / DR / AL7 / DR / NY양면15 / DR / CPR3 70 = 104M,145*180+밑지70,93,,
B0037,촉촉한 건망고 슬라이스 100g 파우치,패트(유무광)120,150*200+35=삼방스탠드-지퍼,75,,
B0043,착한상점 유기농쌀로 만든 누룽지 500g 파우치,양면PET16/LLDPE114/지퍼스탠드,230*280+밑지100,150,,
B0044,자연다움 화덕구이 고구마말랭이 80g 파우치,PET양면12 / DR /  NY양면15 / DR / CPR3 70,145*180+밑지70,73,,
B0048,자연다움 칼슘이 들어간 고구마 큐브말랭이 60g 파우치,PET양면12 / DR / NY양면15 / DR / CPR3 70,130*155+밑지80,75,,
B0054,자연다움 곤약으로 밥 200g 롤파우치,NY15 + LLDPE75,264*750M(자동롤),40,,
B0055,자연다움 바로먹는 퀵오트밀 500g 파우치,양면PET16/AL6/LLDPE115/지퍼스탠드,200*270+밑지100,156,,
B0056,자연다움 바로먹는 퀵오트밀 1kg 파우치,양면PET16/AL6/LLDPE115/지퍼스탠드,230*365+밑지100,218,,
B0057,자연다움 바로먹는 퀵오트밀 1.8kg 파우치,양면PET16/AL6/LLDPE115/지퍼스탠드,300*350+밑지100,275,,
B0068,자연다움 닭 한마리 간편 삼계재료 35g 파우치,패트(유무광)90,125mm*210mm=삼방,50,,
B0069,자연다움 구수한 누룽지 삼계재료 220g 파우치,패트(유무광)90,200mm*275mm=삼방,142,,
B0070,자연다움 찹쌀 누룽지 삼계재료 200g 파우치,패트(유무광)90,200mm*275mm=삼방,128,,
B0072,롯데 푸짐한 누룽지 900g 파우치,양면NY15/LLDPE115/지퍼스탠드,250*330+밑지90,180,,
B0073,롯데 푸짐한 현미누룽지 800g 파우치,양면NY15/LLDPE115/지퍼스탠드,250*330+밑지90,197,,
B0075,홈플 오븐에 구운 고구마말랭이 150g 파우치,PET양면12 / DR / NY양면15 / DR / CPR3 70,150*220+밑지80,125,,
B0076,세븐 오븐에서 구운 군고구마말랭이 60g 파우치,PET12/AL7/NY15/CPR70,130*162+밑지70,80,,
B0077,자연다움 고구마스틱 20g 파우치,무광 / 양면 PET12 / AL6 / 양면 NY15 / CRR3 70,W70*H175,29,,
B0084,푸디스트 식자재왕 누룽지 1kg 파우치,양면PET16/LLDPE104/지퍼스탠드,250*330+밑지90,168,,
B0085,푸디스트 식자재왕 누룽지 3kg 파우치,양면PET12/LLDPE118/지퍼삼방,355*490,,,
B0086,공용 PP A,PP튜브(투명)60,360*200+40=이접-풀발이-핫멜트,83,,
B0087,공용 PP B,PP튜브(투명)60,380*200+40=이접-풀발이-핫멜트,90,,
B0088,공용 PP C,PP튜브(투명)60,240*200+40=이접-풀발이-핫멜트,58,,
B0089,공용 PP D,PP튜브(투명)60,450*250+40=이접-풀발이-핫멜트,98,,
B0090,공용 PP E,PP튜브(투명)60,500*270+40=이접-풀발이-핫멜트,130,,
B0091,공용 PP F,PP튜브(투명)60,500*350+40/이접-풀발이-핫멜트,,,
B0103,스낵누룽지 3면PP (컷팅 176),OCPP(투명)50,220*1000M=자동롤-4폭,11,,
B0112,촉촉한 군고구마말랭이 60g*5입 PP,PP튜브(투명)60,260*300+60=삼방스탠드,78,,
B0113,촉촉한 군고구마말랭이 60g*8입 PP,SPE(투명)60,320*300+60=삼방스탠드,116,,
B0118,자연다움 구수한 누룽지 삼계재료 220g*3입 PP,PP튜브(투명)60,500*270+40=이접-풀발이-핫멜트,128,,
B0119,착한상점 유기농쌀로 만든 누룽지 500g*3입 2차PP,SPP(투명)60,500*350+40,168,,
B0120,자연다움 화덕구이 고구마말랭이 80g*5입 PP,PP튜브(투명)60,450*220+40=이접풀발이-핫멜트,103,,
B0121,자연다움 화덕구이 고구말랭이 80g*10입 PP,PP튜브(투명)60,545*270+40=이접-풀발이,142,,
B0138,홈플 아침한끼 퀵오트밀 50G*25입 파우치,패트(유무광)100,245x450+75=M방-네기둥,325,,
B0139,오븐에 구운 고구마말랭이 90g 파우치,PET양면12 / DR / AL7 / DR / NY양면15 / DR /CPR3 70,135*170+밑지80,104,,
B0145,자연다움 우리쌀로 만든 구수한 솥뚜껑 누룽지 3kg 파우치,양면PET12/LLDPE118/지퍼삼방,355*490,274,,
B0149,참맛누룽지 3면PP (컷팅 176),OCPP(투명)50,220*1000M=자동롤-4폭,11,,
B0155,촉촉한 건망고 슬라이스 100g*5입 PP,PP튜브(투명)60,500*250+40=이접풀발이-핫멜트,104,,
B0156,총각네 말랑말랑 고말랑 200g 파우치,PET양면16 / DR / AL7 / DR / NY양면15 / DR / CPR3 70,150*220+밑지80,141,,
B0162,피쉬콜라겐분말 220g 파우치,양면PET12/LLDPE110/지퍼스탠드,180*260+밑지60,100,,
B0174,착한상점 쌀눈이 살아있는 현미 누룽지 500g 파우치,양면PET16/LLDPE114/지퍼스탠드,230*280+밑지70,150,,
B0185,세븐 허니버터 고구마말랭이 60g 파우치,PET양면12 / DR / AL7 / DR / NY양면15 / DR / CPR3 70,140*160+밑지80,89,,
B0186,스타벅스 한 입에 쏙 고구마 80g 파우치,양면PET16㎛ / AL7㎛ / 양면NY25㎛ / CPR3 100㎛,130*180+밑지70,92,,
B0187,자연다움 칼슘이 들어간 고구마 큐브말랭이 60g*5입 PP,PP튜브(투명)60,450*250+40=이접-풀발이-핫멜트,98,,
B0188,자연다움 칼슘이 들어간 고구마 큐브말랭이 60g*10입 PP,PP튜브(투명)60,450*250+40=이접-풀발이-핫멜트,98,,
B0190,컬리 무농약 군고구마말랭이 150g 파우치,PET양면12 / DR / AL7 / DR / NY양면15 / DR / CPR3 70,150*200+밑지70,112,,
B0191,컬리 화덕에 구운 군고구마말랭이 300g 파우치,PET양면12 / DR / AL7 / DR / NY양면15 / DR / CPR3 70,180*250+밑지80,231,,
B0202,허브솔트 2g 롤파우치,PET16/이지컷LLD40/PE25/레이저타공/자동롤,620*500M(65*60)10열,3,,
B0203,허브솔트 4g 롤파우치,PET16/이지컷LLD40/PE25/레이저타공/자동롤,620*500M(85*60)10열,3,,
B0215,츄이 고구마말랭이 80g 파우치,PET양면12 / DR / AL7 / DR / NY양면15 / DR / CPR3 70,130*180+밑지80,119,,
B0218,홈플 이더스 오븐에 구운 고구마말랭이 60g 파우치,PET양면12 / DR / AL7 / DR / NY양면15 / DR / CPR3 70,130*155+밑지80,82,,
B0221,볶은 서리태 18g*20입 롤파우치,은박90 (두께),220mm*500m= 자동롤-2폭,24.88,,
B0243,홈플 고구마말랭이 60g*3번들 1차파우치,PET12 / AL6 / NY15 / CPP70,130*155+밑지80,73,,
B0244,홈플 고구마말랭이 60g*3번들 2차파우치,PET12 / LLDPE110,230*280+밑지70,130,,
B0245,홈플 고구마스틱 330g 파우치,PET12 / VMPET12 / LLDPE100,220*290+밑지120,150,,
B0246,바프 달콤쫀득 고구마말랭이 60g 1차파우치,양면PET12*840/AL7*840/양면NY15(동시)*840/CPR3(MO2)70*840,130*155+밑지80,67,,
B0248,바프 달콤쫀득 고구마말랭이 60g 2차파우치,양면PET16*700/LLDPE110*700,257*280+밑지120,142,,
B0253,홈플 솥뚜껑 누룽지 800g 지퍼스탠드 파우치,양면PET12*690/LLDPE90*690,230*290+밑지90,210,,
B0254,홈플 보리 누룽지 700g 지퍼스탠드 파우치,양면PET12*690/LLDPE90*690,230*290+밑지90,210,,
B0255,홈플 현미 누룽지 700g 지퍼스탠드 파우치,양면PET12*690/LLDPE90*690,230*290+밑지90,210,,
B0258,아이스 군고구마 120g 파우치,NY15/LLDPE105/삼방,130*200,45,,
B0259,웰리유 찹쌀누룽지 3kg 파우치,양면PET12/LLDPE118/지퍼삼방,355*490,274,,
B0262,롯데 오븐에 구운 고구마말랭이 50g*3입 1차파우치,PET16 / DR / AL7 / DR / NY양면15 / DR / CPR3 70,130*155+밑지80,80,,
B0263,롯데 오븐에 구운 고구마말랭이 50g*3입 2차파우치,PET16 / DRY / LLD110,220*290+밑지120,120,,
B0264,롯데 바삭한 고구마스틱 300g 파우치,PET16 / DR / PET고증착12 / DR / LLD140,220*290+밑지120,154,,
B0265,이더스 퀵오트밀 2kg 파우치,PET12 / PE20 / PET고증착12 / PE20 / LLD40,290*355+밑지70,198,,
B0266,이더스 퀵오트밀 4kg 파우치,PET12 / PE20 / PET고증착12 / PE20 / LLD40,355*510+밑지70,312,,
B0267,아이스 군고구마 1kg 파우치,NY15/유백LLDPE90/지퍼삼방,240*370,145,,
B0268,아이스 찐옥수수 1kg 파우치,NY15/유백LLDPE90/지퍼삼방,240*370,145,,
B0284,세븐 고구마씬스틱 50g 파우치,PET16/PE20/PET증착12/CPP50/스탠드,130*200+밑지30,66,,
B0289,달콤쫀득 고구마바 롤파우치 (상단),PP+NY+PP (NY 11%),폭424*두께100,15.25,,
B0290,달콤쫀득 고구마바 롤파우치 (하단),PP+NY+PP (NY 12%),폭424*두께150,12.65,,
B0296,자연다움 건포도 100g 파우치,NY15/LLDPE95/지퍼스탠드,130*200+밑지35,55,,
B0298,자연다움 건살구 100g 파우치,1도파우치,,225,1도,
B0299,자연다움 건크랜베리 100g 파우치,1도파우치,,225,1도,
B0300,자연다움 몽모랑시 타트체리 100g 파우치,NY15/LLDPE95/지퍼스탠드,130*200+밑지35,55,,
B0301,더리터 더쫀득한 고구마 60g 파우치,PET12 / AL6 / NY15 / CPP70,130*155+밑지80,73,,
B0304,홈플 카사바스틱 270g 파우치,PET12 / VMPET12 / LLDPE100,220*290+밑지100,150,,
B0306,롯데 달콤쫀득 고구마바 20g*8입 2차 스탠드파우치,PET16*680/LLDPE110*680,180*290+밑지80,114,,
B0307,자연다움 바로먹는 퀵오트밀 50g*10입 2차파우치,"PET16 / DRY / LLD85 = 101M, 일반삼방",250*350,81,,
B0308,자연다움 아침한끼 퀵오트밀 50g*20입 2차파우치,PET16 / DR / LLD85 = 101M/삼방,320*400,122,,
B0309,홈플 화덕구이 고구마말랭이 60g*4번들 2차파우치,PET12 / LLDPE110(D/R합지),260*280+밑지120,130,,
B0310,홈플 화덕구이 고구마말랭이 60g*4번들 1차파우치,PET16 / AL6 / NY15 / CPP70(D/R합지),130*155+밑지80,73,,
B0313,이더스 순수 유기농 레몬즙 20g*14포 롤파우치,패은나토르트(옥텐)106=6도,744*500M=자동롤,12.25,6도,
B0315,고구마라떼 150g 스파우트 파우치,PET12+NY15+W-CPP100,90*180+밑지30,146,,
B0316,아이스 군고구마 960g 파우치,PET12/LLDPE98/삼방,280*380,123,,
B0317,롯데 카사바스틱 250g 1차파우치,PET12*720/고증착PET12*720/LLDPE100*720,220*290+밑지120,129,,
B0322,스낵24 똑똑한 카사바스틱 30g 파우치,PET12 / DR / PET고증착12 / DR / LLD100,130*190,44,,
B0323,스낵24 똑똑한 고구마스틱 30g 파우치,PET12 / DR / PET고증착12 / DR / LLD100,130*190,44,,
B0324,GS25 실속한끼 고구마말랭이 60g 파우치,PET16*820/AL6*820/양면NY25(동시)*820/CPR3(MO2)100*820,130*155+밑지70,82,,
B0328,롯데 이더스 한입 꿀고구마말랭이 65g*5입 1차파우치,PET16 / AL7 / NY15 / CPR3 70,130*160+밑지40,77,,
B0329,롯데 이더스 한입 꿀고구마말랭이 65g*5입 2차파우치,PET12 / LLDP 115,300*320+밑지50,195,,
B0333,홈플 아이스 찐옥수수 600g 파우치,NY15+LLDPE90,280*350,105,,
B0334,홈플 아이스 군고구마 600g 파우치,PET12+LLDPE98,280*350,130,,
B0335,이마트 이더스 고구마말랭이 60g*4입 1차파우치,PET16 / AL7 / NY15 / CPP70,130*155+밑지80,73,,
B0336,이마트 이더스 고구마말랭이 60g*4입 2차파우치,PET16+LLDPE110,260*280+밑지120,130,,
B0345,자연다움 허니버터 고구마말랭이 60g 파우치,PET양면12 / DR / AL7 / DR / NY양면15 / DR /CPR3 70,140*160+밑지80,133,,
B0346,자연다움 허니버터 고구마말랭이 60g*5입 PP,PP튜브(투명)60,450*250+40=이접-풀발이-핫멜트,112,,
B0347,자연다움 허니버터 고구마말랭이 60g*10입 PP,PP튜브(투명)60,450*250+40=이접-풀발이-핫멜트,112,,
B0351,김맛 카사바스틱 210g 파우치,PET12*720 / 고증착 PET12*720 / LLDPE100*720,220*290+60=삼방스탠드-지퍼,144,,
B0354,롯데 이더스 바삭한 고구마스틱 700g 파우치,PET16 / DR / PET고증착12 / DR / LLD95 = 123M,290*340+밑지100,190,,
B0355,바삭한 고구마스틱 270g 파우치,PET/PET증착 / LLD=123M / 지퍼스탠드,220*290+밑지120,154,,
B0357,롯데 구수한 누룽지 1.8kg 파우치,양면PET16/LLDPE115,320*400+밑지100,220,,
B0358,홈플 오븐에 구운 고구마말랭이 80g*5입 1차파우치,PET16/AL6/NY25/CPR100,130*180+밑지70,85,,
B0359,홈플 오븐에 구운 고구마말랭이 80g*5입 2차파우치,PET16/LLDPE110,300*320+밑지100,184,,
B0363,자연다움 부드러운 롤드오트 1.8kg 파우치,은박(유무광)140=8도,300*350+50=삼방스탠드-지퍼,233,8도,
B0364,홈플 바삭한 고구마스틱 740g 파우치,패증착(유무광)125=8도,290*355+60=삼방스탠드-지퍼,220,8도,
B0365,자연다움 고구마스틱 20g*10입 전용파우치,패트100=2도,220*280+50=삼방스탠드,94,2도,
B0366,이더스 붉은 황토땅에서 자란 노랑고구마칩 250g 파우치,PET양면16 / DR / PET고증착12 / DR / LLD95 = 123M,220*300+밑지100,156,,
B0367,자연다움 고구마스틱 20g*5입 전용파우치,패트130=2도,150*230+40=삼방스탠드,70,2도,
B0368,무농약 군고구마말랭이 80g*5입 PP,PP튜브(투명)60,450*220+40=이접풀발이-핫멜트,160,,
B0378,이더스 국내산 무농약 고구마에 칼슘을 넣은 황금고구마말랭이 60g 파우치,무광 PET12 / AL7 / NY15 / CPR3 70,130*155+밑지40,78,,
B0384,이더스 국내산 무농약 고구마에 칼슘을 넣은 황금고구마바 20g 파우치,무광 PET12 / AL7 / NY15 / CPR1 50,70*175,33,,
B0387,붉은 황토땅에서 자란 자색 고구마칩 250g 파우치,패증착(유무광)123=9도,220*300+50=삼방스탠드-지퍼,145,9도,
B0388,이더스 국내산 김으로 맛낸 김맛 카사바스틱 210g 파우치,"PET양면16 / DR / PET고증착12 / DR / LLD95 = 123M, 지퍼스탠드",220*290+밑지100,156,,
B0389,이더스 바삭달콤 믹스 고구마칩 680g 파우치,"PET양면16 / DR / PET고증착12 / DR / LLD95 = 123M, 지퍼스탠드",300*350+밑지100,210,,
B0390,이더스 크리스피 바나나칩 250g 파우치,패증착(유무광)123=7도,220*290+50=삼방스탠드-지퍼,138,7도,
B0391,웰리유 하루오트 2kg 용기라벨,유포지,,200,,
B0393,자연다움 무농약 고구마롱스틱 50g,무광 PET12 / AL7 / NY15 / CPR3 70,125*165+밑지35,68,,
B0394,이더스 무농약 고구마롱스틱 50g,무광 PET12 / AL7 / NY15 / CPR3 70,125*165+밑지35,68,,
B0395,와이즐리 퀵앤이지 오트밀 1.8kg,양면PET16/AL6 LLDPE115/지퍼스탠드,300*350+밑지100,255,,
B0396,스낵24 더쫀득 고구마바 22g 파우치,PET12 / AL6 / NY15 / CPR3 50,W70*H175,33,,
B0398,스낵24 더말랭 고구마 60g 파우치,PET12 / AL6 / NY15 / CPP70(D/R합지),130*155*밑지40,70,,
B0399,이더스 쫀득 꿀 고구마말랭이 60g 1차파우치,무광 PET12 / AL7 / NY15 / CPR3 70,130*155+밑지40,94,,
B0404,리얼 스위트포테이토스틱 20g 파우치,PET16 / AL7 / NY양면15 / CPR3 70=108M / 삼방가공 / 무광9도,70*175,50,9도,
B0406,이더스 한입 꿀 고구마말랭이 80g 파우치,PET양면12 / DR / AL7 / DR / NY양면15 / DR / CPR3 70 = 104M,145*170+밑지70,122,,
B177,착한상점 구수하게 끓여먹는 솥뚜껑 누룽지 500g 파우치,양면PET16/LLDPE114/지퍼스탠드,230*280+밑지70,144,,
B184,자연다움 닭 한마리 간편 삼계재료 35g*3입 PP,PP튜브(투명)60,360*225+40=이접-풀발이-핫멜트,88,,
B186,자연다움 찹쌀 삼계재료 200g*3입 PP,PP튜브(투명)60,500*270+40=이접-풀발이-핫멜트,128,,
B187,찹쌀 누룽지 삼계재료 220g 파우치,패트(유무광)100,200*275+50=삼방스탠드-지퍼,128,,
B188,라이트잇 간편하게  끓여먹는 구수한 누룽지 1kg 파우치,양면PET16/LLDPE104/지퍼스탠드,265*330+밑지100,194,,
B189,라이트잇 간편하게 끓여먹는 구수한 누룽지 2kg 파우치,양면PET16/LLDPE115/지퍼스탠드,320*400+밑지100,275,,
B190,라이트잇 간편하게 끓여먹는 구수한 누룽지 3kg 파우치,양면PET12/LLDPE118/지퍼삼방,355*490,284,,
B191,자연다움 우리쌀로 만든 구수한 솥뚜껑 누룽지 1kg 파우치,양면PET16/LLDPE104/지퍼스탠드,265*330+밑지100,231,,
B192,자연다움 우리쌀로 만든 구수한 솥뚜껑 누룽지 2kg 파우치,양면PET16/LLDPE115/지퍼스탠드,320*400+밑지100,290,,
B193,착한상점 구수하게 끓여먹는 솥뚜껑 누룽지 3kg 파우치,양면PET12/LLDPE118/지퍼삼방,355*490,274,,
C0025,오븐에 구운 고구마말랭이 90g*4입 PP,PP튜브(투명)60,380*200+40=이접-풀발이-핫멜트,90,,
D0264,주전부리 누룽지빠삭 330g 리드지,PET12/PE이지필50/PE20/자동롤,240*500M(210*240),8,,
ZQ01,착한상점 유기농 현미누룽지 1kg 용기라벨,유포지,,190,,
ZQ01,착한상점 유기농 쌀누룽지 1kg 용기라벨,유포지,,190,,
✖️,와우작 시리즈 파우치,패증착(유무광)100,150*220+40=삼방스탠드-타원밑지일체형-지퍼,,,
