SKU,판매제품명,확정품번,환산계수,분류,판정,패널분류
12641362,웰리유 김수경의 하루생식 4주분 28포 식사대용 선식,H0012,1,H 사급,자동확정,유상사급
14135298,[25년 추석] 자연다움 건강담은 건과건버섯 혼합세트 1호,H0083,1,H 사급,자동확정,유상사급
14135299,[25년 추석] 자연다움 건강담은 건과건버섯 혼합세트 2호,H0084,1,H 사급,자동확정,유상사급
69777500,자연다움 국내산 고구마 로 만든 쫀득한 고구마 롱스틱 50g  1개,H0266,1,H 사급,확정,유상사급
34926317,자연다움 건살구 100g 1개,H0190,1,H 사급,확정,유상사급
56743182,이더스 바삭한 카사바스틱 250g 1개,G0195,1,G 자사,확정,자사
71432946,이더스 오븐에 구운 국내산 고구마 말랭이 60g 1개,G0246,1,G 자사,확정,자사
36526287,자연다움 건살구 100g  * 5개,H0190,5,H 사급,확정,유상사급
69248066,이더스 매콤하게 땡기는 맛 누룽칩 김치볶음밥 330g 1개,I0148,1,I 사입(BOM無),확정,상품매입
27163535,자연다움 국내산 사양벌꿀이 첨가된 허니버터 고구마말랭이 60g 1개,G0111,1,G 자사,확정,자사
26729083,자연다움 국내산 사양벌꿀이 첨가된 허니버터 고구마말랭이 60g 5개,G0106,1,G 자사,확정,자사
69249179,이더스 부드럽고 깔끔한 맛 누룽칩 병아리콩 330g 1개,I0149,1,I 사입(BOM無),확정,상품매입
69251503,이더스 든든하게 담백한 맛 누룽칩 곤약귀리 330g 1개,I0147,1,I 사입(BOM無),확정,상품매입
26729079,자연다움 국내산 사양벌꿀이 첨가된 허니버터 고구마말랭이 60g 10개,G0107,1,G 자사,확정,자사
68968638,이더스 한입 꿀고구마 말랭이 325g (65g*5개입) 1개,G0229,1,G 자사,확정,자사
69488561,타다 바로먹는 스위트콘 더블콘 4.8kg(600g*8ea) 1개 4.8kg,H0223,8,H 사급,확정,유상사급
55621270,매홍 솥뚜껑 누룽지 800g  1개,I0136,1,I 사입(BOM無),확정,상품매입
40810945,이더스 간편하게 바로먹는 퀵오트밀 2kg 1개,G0205,1,G 자사,확정,자사
69888008,자연다움 쫀득한 무농약 고구마 롱스틱 50g x 5개,H0266,5,H 사급,확정,유상사급
71417951,이더스 누룽지 크런치 330g(110g×3개입) 1개,I0157,1,I 사입(BOM無),확정,상품매입
58406141,착한상점 국내산 무농약 군고구마 말랭이 80g×7개입 1개 560g,G0179,1,G 자사,확정,자사
54753206,구수하고 바삭한 푸짐한 현미 누룽지 800g 1개,I0103,1,I 사입(BOM無),확정,상품매입
68968707,이더스 오븐에 구운 고구마 말랭이 400g (80g*5개입) 1개,G0230,1,G 자사,확정,자사
66655651,자연다움 간편하고 든든하게 고구마 말랭이 선물세트 1세트 + 쇼핑백,H0260,1,H 사급,확정,유상사급
55621584,매홍 국내산 보리 누룽지 700g 1개,I0086,1,I 사입(BOM無),확정,상품매입
71346934,이더스 누룽지 POP 크런치 148g (37g*4개입) 1개,I0158,1,I 사입(BOM無),확정,상품매입
55620378,매홍 국내산 현미 누룽지  700g  1개,I0087,1,I 사입(BOM無),확정,상품매입
65080983,고구마 96% 이더스 노랑 고구마칩 250g 250g  1개,G0196,1,G 자사,확정,자사
66146670,고구마 96% 이더스 자색 고구마칩  250g  1개,G0197,1,G 자사,확정,자사
61437271,통째로 구워 더욱 맛있는 통 고구마바 1개 400g,G0182,1,G 자사,확정,자사
11031776,[로켓프레시] 바로먹는 퀵 오트밀 2KG(통),G0205,1,G 자사,자동확정,자사
11415512,[로켓프레시] 아침한끼 바로먹는 퀵오트밀 50g*30포,G0208,1,G 자사,자동확정,자사
11555124,[로켓프레시] 바로먹는 곤약쌀 2kg(통),I0009,1,I 사입(BOM無),자동확정,상품매입
11876578,[로켓프레시] 매홍 씻어나온 황기 210g_(봉),I0012,1,I+BOM 예외사급,자동확정,상품매입
11876582,[로켓프레시] 매홍 무농약 고구마로 만든 군고구마말랭이 80g_5개,G0010,1,G 자사,자동확정,자사
11876585,[로켓프레시] 매홍 씻어나온 둥글래 250g_(봉),I0016,1,I+BOM 예외사급,자동확정,상품매입
11959089,"[로켓프레시] 매홍 착한상점 고구마스틱, 300g ( 20g, 15개입)",G0011,1,G 자사,자동확정,자사
13256412,자연다움 간편하고 든든하게 고구마스틱 20g,I0117,1,I 사입(BOM無),자동확정,유상사급
13256417,자연다움 간편하고 든든하게 고구마스틱 400g(20g*20개입),I0110,1,I 사입(BOM無),자동확정,유상사급
13256475,자연다움 칼슘이 들어간 고구마 큐브 말랭이 60g,G0025,1,G 자사,자동확정,자사
13301058,자연다움 칼슘이 들어간 고구마 큐브 말랭이 60g*5번들,G0026,1,G 자사,자동확정,자사
13301059,자연다움 칼슘이 들어간 고구마 큐브 말랭이 60g*10번들,G0027,1,G 자사,자동확정,자사
13301060,자연다움 간편하고 든든하게 고구마스틱 100g(20g*5개입),I0116,1,I 사입(BOM無),자동확정,유상사급
13301061,자연다움 간편하고 든든하게 고구마스틱 200g(20g*10개입),I0115,1,I 사입(BOM無),자동확정,유상사급
13301062,자연다움 곤약으로 밥 200g*30번들,I0021,1,I+BOM 예외사급,자동확정,상품매입
13301063,자연다움 곤약으로 밥 200g 5번들,I0019,1,I+BOM 예외사급,자동확정,상품매입
13301064,BOX_자연다움 곤약으로 밥 200g*10번들,I0020,1,I+BOM 예외사급,자동확정,상품매입
13617205,자연다움 바로먹는 오트밀_1.8kg,G0215,1,G 자사,자동확정,자사
13617207,자연다움 바로먹는 오트밀_1kg,G0211,1,G 자사,자동확정,자사
13617208,자연다움 바로먹는 오트밀_500g,G0210,1,G 자사,자동확정,자사
13619799,자연다움 바로먹는 퀵오트밀_50g(10개),G0216,1,G 자사,자동확정,자사
13619800,자연다움 바로먹는 퀵오트밀_50g(40개),G0218,1,G 자사,자동확정,자사
13619801,자연다움 바로먹는 퀵오트밀_50g(20개),G0217,1,G 자사,자동확정,자사
13872769,[로켓프레시] 쌀눈이 살아있는 유기농 현미누룽지 1kg,I0152,1,I 사입(BOM無),자동확정,상품매입
15745764,자연다움 오븐에 구운 고구마 말랭이 90g,G0016,1,G 자사,자동확정,자사
15745765,자연다움 오븐에 구운 고구마 말랭이 90g_3번들,G0017,1,G 자사,자동확정,자사
15900745,자연다움 오븐에 구운 고구마 말랭이 90g_5번들,G0018,1,G 자사,자동확정,자사
15952440,자연다움 닭 한마리 간편 삼계재료 35g,I0040,1,I+BOM 예외사급,확정(입수대기),상품매입
16538807,[로켓프레시] 착한상점 유기농쌀로 만든 누룽지 1KG(통),I0153,1,I 사입(BOM無),자동확정,상품매입
17259931,[로켓프레시] 착한상점 유기농쌀로 만든 누룽지 500G*3봉,I0154,1,I 사입(BOM無),자동확정,상품매입
20924667,[로켓프레시] 라이트잇 바로먹는 퀵 오트밀 1KG(통),G0214,1,G 자사,자동확정,자사
20924668,[로켓프레시] 라이트잇 바로먹는 퀵 오트밀 2KG(통),G0209,1,G 자사,자동확정,자사
20924669,[로켓프레시] 착한상점 쌀눈이 살아있는 현미 누룽지 500g*1번들,I0091,1,I 사입(BOM無),자동확정,상품매입
20924670,[로켓프레시] 착한상점 구수하게 끓여먹는 솥뚜껑 누룽지 500g*1번들,I0088,1,I 사입(BOM無),자동확정,상품매입
20924671,[로켓프레시] 착한상점 쌀눈이 살아있는 현미 누룽지 500g*3번들,I0092,1,I 사입(BOM無),자동확정,상품매입
20924672,[로켓프레시] 착한상점 구수하게 끓여먹는 솥뚜껑 누룽지 500g*3번들,I0089,1,I 사입(BOM無),자동확정,상품매입
20924673,[로켓프레시] 착한상점 쌀눈이 살아있는 현미 누룽지 500g*5번들,I0093,1,I 사입(BOM無),자동확정,상품매입
20924674,[로켓프레시] 착한상점 구수하게 끓여먹는 솥뚜껑 누룽지 500g*5번들,I0090,1,I 사입(BOM無),자동확정,상품매입
24776250,[로켓프레시] 자연다움 우리쌀로 만든 구수한 솥뚜껑 누룽지 1KG(봉),I0097,1,I 사입(BOM無),자동확정,상품매입
24776252,[로켓프레시] 라이트잇 간편하게 끓여먹는 구수한 누룽지 1KG(봉),I0094,1,I 사입(BOM無),자동확정,상품매입
24776256,[로켓프레시] 자연다움 우리쌀로 만든 구수한 솥뚜껑 누룽지 2KG(봉),I0098,1,I 사입(BOM無),자동확정,상품매입
24776260,[로켓프레시] 라이트잇 간편하게 끓여먹는 구수한 누룽지 2KG(봉),I0095,1,I 사입(BOM無),자동확정,상품매입
24776262,[로켓프레시] 라이트잇 간편하게 끓여먹는 구수한 누룽지 3KG(봉),I0096,1,I 사입(BOM無),자동확정,상품매입
35004678,자연다움 건크랜베리 100g*5번들,H0011,1,H 사급,자동확정,유상사급
41310006,[로켓프레시] 이더스 아이스 찐옥수수 1kg (100g*10개),G0151,1,G 자사,자동확정,자사
11876581,[로켓프레시] 매홍 씻어나온 돼지감자 220g_(봉),I0014,1,I+BOM 예외사급,자동확정,상품매입
41310007,[로켓프레시] 이더스 아이스 군고구마 1kg (100g*10개),G0152,1,G 자사,자동확정,자사
24776259,[홀세일] 라이트잇 간편하게 끓여먹는 구수한 누룽지 1KG(봉),I0094,1,I 사입(BOM無),자동확정,상품매입
38958996,[로켓프레시] 이더스 오븐에 구운 달콤한 아이스 군고구마 120g*8,G0147,,G 자사,자동확정,자사
34886071,이더스 열풍으로 구운 국산 볶은 서리태 18g*20EA 360g,H0181,1,H 사급,자동확정,유상사급
18821114,[로켓프레시] 자연다움 우리쌀로 만든 구수한 솥뚜껑 누룽지 3KG(봉),I0075,1,I 사입(BOM無),자동확정,상품매입
24776251,[로켓프레시] 착한상점 우리쌀로 만든 구수한 솥뚜껑 누룽지 3KG(봉),I0078,1,I 사입(BOM無),자동확정,상품매입
15952439,자연다움 닭 한마리 간편 삼계재료 35g_3개,I0060,1,I 사입(BOM無),확정,상품매입
41396870,타다 바로먹는 스위트콘 싱글콘 340g 1개,H0222,1,H 사급,자동확정,유상사급
41397547,타다 바로먹는 스위트콘 더블콘 600g 1개,H0223,1,H 사급,자동확정,유상사급
11397531,[로켓프레시] 매홍 촉촉한 건망고 슬라이스_100G*5개(봉),H0028,1,H 사급,자동확정,유상사급
37978325,자연다움 몽모랑시 타트체리 100g 1개,H0112,1,H 사급,자동확정,유상사급
61783883,[로켓프레시] 이더스 아이스 찐옥수수 벌크형 1kg,H0253,1,H 사급,자동확정,유상사급
64622255,자연다움 부드러운 롤드오트 1.8kg  1개,H0256,1,H 사급,자동확정,유상사급
26774865,[홀세일] 매홍 촉촉한 건망고 슬라이스_100G*5개(봉),H0028,1,H 사급,자동확정,유상사급
69775920,이더스 크리스피 바나나칩 250g  1개,H0259,1,H 사급,자동확정,유상사급
70764794,이더스 쫀득 꿀 고구마 말랭이 60g*5개,G0224,1,G 자사,확정,자사
70830427,이더스 쫀득 꿀 고구마 말랭이 60g 1개,G0223,1,G 자사,확정,자사
21150072,"[로켓프레시] 자연다움 쌀눈이 살아있는 국내산 바삭 현미누룽지, 1.2kg",G0068,1,G 자사,자동확정,자사
10829818,[로켓프레시] valuepack_매홍 촉촉한군고구마_60G*5개(봉),G0135,1,G 자사,자동확정,자사
65373104,이더스 김맛 카사바스틱 210g 1개,G0191,1,G 자사,자동확정,자사
34952724,자연다움 건크랜베리 100g 3개,H0110,3,H 사급,자동확정,유상사급
36525947,자연다움 건블루베리 100g 1개,H0185,1,H 사급,자동확정,유상사급
34963565,자연다움 건포도 100g 1개,H0108,1,H 사급,자동확정,유상사급
64622687,이더스 쫀득 꿀고구마바 330g (22g×15ea) 1개,G0186,1,G 자사,자동확정,자사
19000577,매홍_쌀눈이 누룽지 330g (11g x 3장씩 개별포장) 330g 1박스 330ml,G0039,1,G 자사,자동확정,자사
14990257,자연다움 화덕구이 고구마말랭이 80g 10개입,G0102,1,G 자사,자동확정,자사
14990256,자연다움 화덕구이 고구마말랭이 80g 5개입,G0101,1,G 자사,자동확정,자사
50344881,이더스 순수 유기농 레몬즙 20g×14포,I0130,1,I+BOM 예외사급,자동확정,상품매입
54752876,구수하고 바삭한 푸짐한 누룽지 900g 1개,I0132,1,I 사입(BOM無),자동확정,상품매입
65039862,[로켓프레시] 이더스 아이스 찐 콘립 1kg,H0257,1,H 사급,자동확정,유상사급
21150069,"[로켓프레시] 자연다움 쌀눈이 살아있는 국내산 바삭 현미누룽지, 33g, 10개",I0141,1,I 사입(BOM無),자동확정,상품매입
21150070,"[로켓프레시] 자연다움 쌀눈이 살아있는 국내산 바삭 현미누룽지, 33g, 20개",I0142,1,I 사입(BOM無),자동확정,상품매입
21150071,"[로켓프레시] 자연다움 쌀눈이 살아있는 국내산 바삭 현미누룽지, 33g, 30개",I0143,1,I 사입(BOM無),자동확정,상품매입
62323837,[로켓프레시] 된장찌개용 냉동 야채믹스 (블럭형) 1kg(100g*10),I0139,1,I+BOM 예외사급,자동확정,상품매입
11048277,[로켓프레시] valuepack_매홍 촉촉한군고구마말랭이_60G*8개(봉),G0136,1,G 자사,자동확정,자사
20859500,착한상점 오리지널 오트밀 1kg 1개 1kg,G0206,1,G 자사,자동확정,자사
40264077,이더스 오븐에 구운 고구마 말랭이 240g (60g x 4번들),G0181,1,G 자사,자동확정,자사
57239880,이더스 바로먹는 제로슈가 고구마라떼 150g 10개입,H0233,1,H 사급,자동확정,유상사급
69762385,이더스 부드러운 3분 누룽지 15p 450g 1개,I0150,,I 사입(BOM無),자동확정,상품매입
57006948,이더스 바삭한 고구마스틱 1개 300g,G0189,1,G 자사,자동확정,자사
65039863,[홀세일] 이더스 아이스 찐 콘립 1kg,H0257,1,H 유상사급,자동확정(제품명 완전일치),유상사급
